{"val/loss":0.49049830436706543,"_wandb":{"runtime":31578},"_runtime":31578.190791426,"_timestamp":1.7690196253220015e+09,"_step":4500,"train/loss":0.4900846779346466,"train/lr(1e-3)":0}