{"_step":2250,"train/loss":0.4606211185455322,"train/lr(1e-3)":0,"val/loss":0.5352716445922852,"_wandb":{"runtime":19031},"_runtime":19031.973665456,"_timestamp":1.7690251248109589e+09}